{
    "keep": {
        "days": true,
        "amount": 7
    },
    "auditLog": "/app/config/logs/.d2109f103a9d757bc28894d508ee5579a3284e75-audit.json",
    "files": [
        {
            "date": 1733097600029,
            "name": "/app/config/logs/overseerr-2024-12-02.log",
            "hash": "f6b5922dd272f040b1988aa85da112fa6f21d37bc86820355bbd658860458341"
        },
        {
            "date": 1733184000019,
            "name": "/app/config/logs/overseerr-2024-12-03.log",
            "hash": "5bff7f6ad0c148dc9ba8a8476d3f64e44fb0e03e264b0227ba62853dbaeabcc2"
        },
        {
            "date": 1733270400019,
            "name": "/app/config/logs/overseerr-2024-12-04.log",
            "hash": "596bf17229c96c160d457cd67f517bb0102f318c274288e9573b2915ff0bfb4d"
        },
        {
            "date": 1733356800011,
            "name": "/app/config/logs/overseerr-2024-12-05.log",
            "hash": "29a2085cf9543097c750f3992bc8d6fbeec4c217961ded579b15871bd4242d4c"
        },
        {
            "date": 1733443200022,
            "name": "/app/config/logs/overseerr-2024-12-06.log",
            "hash": "0da9d174979ef56551e6558c3e8161c0708649004e73840fcd0c7003073911ce"
        },
        {
            "date": 1733529600017,
            "name": "/app/config/logs/overseerr-2024-12-07.log",
            "hash": "0602c091a73675159d9ffcf0e1642188016678dacbc461588c0ed377b9697a9d"
        },
        {
            "date": 1733616000027,
            "name": "/app/config/logs/overseerr-2024-12-08.log",
            "hash": "94c70e8f01fa89c1aca11b2ff3420ffff3a3a34ec7d281ecc4adaac67bde74ff"
        }
    ],
    "hashType": "sha256"
}